{"v_ManoActiva":true,"v_RotacionPalma":"","v_NumeroDeTirajes":1,"v_EstadoThumb":[1],"v_EstadoIndex":[-1],"v_EstadoMiddle":[-1],"v_EstadoPinky":[-1],"v_EstadoRing":[-1],"v_DedosExtendidos":[1],"v_PosBonesThumb0":[{"x":0.07618819177150727,"y":-0.041409820318222049,"z":0.22930094599723817}],"v_PosBonesIndex0":[{"x":0.06791259348392487,"y":-0.004302620887756348,"z":0.28548291325569155}],"v_PosBonesMiddle0":[{"x":0.05012650787830353,"y":-0.0039404332637786869,"z":0.2886543869972229}],"v_PosBonesPinky0":[{"x":0.010201878845691681,"y":-0.010708332061767578,"z":0.28279122710227969}],"v_PosBonesRing0":[{"x":0.028939837589859964,"y":-0.0064615607261657719,"z":0.28606510162353518}],"v_PosBonesThumb1":[{"x":0.10973300039768219,"y":-0.02848947048187256,"z":0.24772274494171143}],"v_PosBonesIndex1":[{"x":0.06751510500907898,"y":-0.027543962001800538,"z":0.2928531765937805}],"v_PosBonesMiddle1":[{"x":0.05539362132549286,"y":-0.030032694339752198,"z":0.2966742515563965}],"v_PosBonesPinky1":[{"x":0.019963230937719346,"y":-0.026528894901275636,"z":0.2912851572036743}],"v_PosBonesRing1":[{"x":0.03681957721710205,"y":-0.03030860424041748,"z":0.2940930724143982}],"v_PosBonesThumb2":[{"x":0.1336597353219986,"y":-0.019795238971710206,"z":0.2578837275505066}],"v_PosBonesIndex2":[{"x":0.06257925182580948,"y":-0.03745388984680176,"z":0.27797722816467287}],"v_PosBonesMiddle2":[{"x":0.05314679071307182,"y":-0.043294429779052737,"z":0.2798883318901062}],"v_PosBonesPinky2":[{"x":0.024947043508291246,"y":-0.036552757024765018,"z":0.2788742184638977}],"v_PosBonesRing2":[{"x":0.038222912698984149,"y":-0.04373270273208618,"z":0.27787765860557558}],"v_RotBonesThumb0":[{"x":341.34002685546877,"y":60.80995178222656,"z":269.354248046875}],"v_RotBonesIndex0":[{"x":44.719478607177737,"y":9.268864631652832,"z":352.1402893066406}],"v_RotBonesMiddle0":[{"x":41.43952560424805,"y":19.659687042236329,"z":9.58901309967041}],"v_RotBonesPinky0":[{"x":30.91847801208496,"y":24.16803550720215,"z":35.76084899902344}],"v_RotBonesRing0":[{"x":38.07861328125,"y":20.91177749633789,"z":19.90919303894043}],"v_RotBonesThumb1":[{"x":341.35382080078127,"y":61.83776092529297,"z":269.0255126953125}],"v_RotBonesIndex1":[{"x":49.08598327636719,"y":201.28494262695313,"z":188.5321502685547}],"v_RotBonesMiddle1":[{"x":52.445499420166019,"y":183.85797119140626,"z":168.17755126953126}],"v_RotBonesPinky1":[{"x":49.36699676513672,"y":141.38671875,"z":129.65625}],"v_RotBonesRing1":[{"x":53.27433776855469,"y":166.42367553710938,"z":153.3677520751953}],"v_RotBonesThumb2":[{"x":341.9791259765625,"y":74.4814224243164,"z":265.0338134765625}],"v_RotBonesIndex2":[{"x":8.118207931518555,"y":195.61473083496095,"z":185.63272094726563}],"v_RotBonesMiddle2":[{"x":15.836729049682618,"y":191.23391723632813,"z":172.54171752929688}],"v_RotBonesPinky2":[{"x":20.628625869750978,"y":171.26211547851563,"z":147.60812377929688}],"v_RotBonesRing2":[{"x":18.108665466308595,"y":183.09986877441407,"z":163.61903381347657}],"v_PosBrazo":[{"x":0.00031224731355905533,"y":-0.11461108922958374,"z":0.0892670601606369}],"v_RotBrazo":[{"x":331.1781311035156,"y":12.74849796295166,"z":358.4111022949219}],"v_PosPalma":[{"x":0.03882190212607384,"y":-0.017989784479141237,"z":0.24642468988895417}],"v_RotPalma":[{"x":41.94346237182617,"y":185.88670349121095,"z":358.2320556640625}]}
{"v_ManoActiva":false,"v_RotacionPalma":"","v_NumeroDeTirajes":1,"v_EstadoThumb":[0],"v_EstadoIndex":[0],"v_EstadoMiddle":[0],"v_EstadoPinky":[0],"v_EstadoRing":[0],"v_DedosExtendidos":[0],"v_PosBonesThumb0":[{"x":0.0,"y":0.0,"z":0.0}],"v_PosBonesIndex0":[{"x":0.0,"y":0.0,"z":0.0}],"v_PosBonesMiddle0":[{"x":0.0,"y":0.0,"z":0.0}],"v_PosBonesPinky0":[{"x":0.0,"y":0.0,"z":0.0}],"v_PosBonesRing0":[{"x":0.0,"y":0.0,"z":0.0}],"v_PosBonesThumb1":[{"x":0.0,"y":0.0,"z":0.0}],"v_PosBonesIndex1":[{"x":0.0,"y":0.0,"z":0.0}],"v_PosBonesMiddle1":[{"x":0.0,"y":0.0,"z":0.0}],"v_PosBonesPinky1":[{"x":0.0,"y":0.0,"z":0.0}],"v_PosBonesRing1":[{"x":0.0,"y":0.0,"z":0.0}],"v_PosBonesThumb2":[{"x":0.0,"y":0.0,"z":0.0}],"v_PosBonesIndex2":[{"x":0.0,"y":0.0,"z":0.0}],"v_PosBonesMiddle2":[{"x":0.0,"y":0.0,"z":0.0}],"v_PosBonesPinky2":[{"x":0.0,"y":0.0,"z":0.0}],"v_PosBonesRing2":[{"x":0.0,"y":0.0,"z":0.0}],"v_RotBonesThumb0":[{"x":0.0,"y":0.0,"z":0.0}],"v_RotBonesIndex0":[{"x":0.0,"y":0.0,"z":0.0}],"v_RotBonesMiddle0":[{"x":0.0,"y":0.0,"z":0.0}],"v_RotBonesPinky0":[{"x":0.0,"y":0.0,"z":0.0}],"v_RotBonesRing0":[{"x":0.0,"y":0.0,"z":0.0}],"v_RotBonesThumb1":[{"x":0.0,"y":0.0,"z":0.0}],"v_RotBonesIndex1":[{"x":0.0,"y":0.0,"z":0.0}],"v_RotBonesMiddle1":[{"x":0.0,"y":0.0,"z":0.0}],"v_RotBonesPinky1":[{"x":0.0,"y":0.0,"z":0.0}],"v_RotBonesRing1":[{"x":0.0,"y":0.0,"z":0.0}],"v_RotBonesThumb2":[{"x":0.0,"y":0.0,"z":0.0}],"v_RotBonesIndex2":[{"x":0.0,"y":0.0,"z":0.0}],"v_RotBonesMiddle2":[{"x":0.0,"y":0.0,"z":0.0}],"v_RotBonesPinky2":[{"x":0.0,"y":0.0,"z":0.0}],"v_RotBonesRing2":[{"x":0.0,"y":0.0,"z":0.0}],"v_PosBrazo":[{"x":0.0,"y":0.0,"z":0.0}],"v_RotBrazo":[{"x":0.0,"y":0.0,"z":0.0}],"v_PosPalma":[{"x":0.0,"y":0.0,"z":0.0}],"v_RotPalma":[{"x":0.0,"y":0.0,"z":0.0}]}
