{"v_ManoActiva":true,"v_RotacionPalma":["derecha"],"v_NumeroDeTirajes":1,"v_EstadoThumb":[1],"v_EstadoIndex":[-1],"v_EstadoMiddle":[-1],"v_EstadoPinky":[-1],"v_EstadoRing":[-1],"v_DedosExtendidos":[1],"v_PosBonesThumb0":[{"x":-0.0005435086786746979,"y":-0.10673005878925324,"z":0.2722463309764862}],"v_PosBonesIndex0":[{"x":-0.007206869311630726,"y":-0.06406635046005249,"z":0.32395005226135256}],"v_PosBonesMiddle0":[{"x":-0.02482251077890396,"y":-0.0638359934091568,"z":0.3281272053718567}],"v_PosBonesPinky0":[{"x":-0.0640297457575798,"y":-0.07271274924278259,"z":0.3252187669277191}],"v_PosBonesRing0":[{"x":-0.045930907130241397,"y":-0.06763318181037903,"z":0.3269503116607666}],"v_PosBonesThumb1":[{"x":0.03389020636677742,"y":-0.08859476447105408,"z":0.284268319606781}],"v_PosBonesIndex1":[{"x":-0.007628120481967926,"y":-0.08661168813705445,"z":0.33358025550842287}],"v_PosBonesMiddle1":[{"x":-0.018937811255455018,"y":-0.08907458186149597,"z":0.33797764778137209}],"v_PosBonesPinky1":[{"x":-0.0538589283823967,"y":-0.08848735690116883,"z":0.3337547779083252}],"v_PosBonesRing1":[{"x":-0.03740055859088898,"y":-0.09081852436065674,"z":0.3358091115951538}],"v_PosBonesThumb2":[{"x":0.05852524936199188,"y":-0.07699666917324066,"z":0.28897595405578616}],"v_PosBonesIndex2":[{"x":-0.015218287706375122,"y":-0.09767195582389832,"z":0.32039889693260195}],"v_PosBonesMiddle2":[{"x":-0.0231645405292511,"y":-0.10404777526855469,"z":0.3225696086883545}],"v_PosBonesPinky2":[{"x":-0.05279950797557831,"y":-0.10073879361152649,"z":0.32214534282684328}],"v_PosBonesRing2":[{"x":-0.03822564333677292,"y":-0.10557636618614197,"z":0.32029202580451968}],"v_RotBonesThumb0":[{"x":333.31671142578127,"y":69.17594909667969,"z":260.5088195800781}],"v_RotBonesIndex0":[{"x":39.905250549316409,"y":13.746028900146485,"z":346.6397399902344}],"v_RotBonesMiddle0":[{"x":36.14908218383789,"y":23.558319091796876,"z":6.086420059204102}],"v_RotBonesPinky0":[{"x":26.445234298706056,"y":32.43115997314453,"z":25.274383544921876}],"v_RotBonesRing0":[{"x":33.659759521484378,"y":25.84047508239746,"z":16.57895278930664}],"v_RotBonesThumb1":[{"x":333.9529113769531,"y":73.06063842773438,"z":258.7831115722656}],"v_RotBonesIndex1":[{"x":51.88996887207031,"y":215.68373107910157,"z":196.69090270996095}],"v_RotBonesMiddle1":[{"x":56.492610931396487,"y":192.50160217285157,"z":171.07801818847657}],"v_RotBonesPinky1":[{"x":59.450050354003909,"y":156.0555419921875,"z":131.22860717773438}],"v_RotBonesRing1":[{"x":56.63905715942383,"y":174.6719970703125,"z":154.41282653808595}],"v_RotBonesThumb2":[{"x":337.4096374511719,"y":87.87547302246094,"z":252.65103149414063}],"v_RotBonesIndex2":[{"x":12.963563919067383,"y":204.7852783203125,"z":190.4800567626953}],"v_RotBonesMiddle2":[{"x":22.60851287841797,"y":197.90841674804688,"z":174.67855834960938}],"v_RotBonesPinky2":[{"x":29.424537658691408,"y":187.06280517578126,"z":153.9667205810547}],"v_RotBonesRing2":[{"x":23.174360275268556,"y":190.46290588378907,"z":165.02822875976563}],"v_PosBrazo":[{"x":-0.08410987257957459,"y":-0.1791439950466156,"z":0.1336841732263565}],"v_RotBrazo":[{"x":334.2781982421875,"y":15.298720359802246,"z":359.81964111328127}],"v_PosPalma":[{"x":-0.03808552026748657,"y":-0.08305728435516358,"z":0.28947097063064577}],"v_RotPalma":[{"x":49.993953704833987,"y":188.03750610351563,"z":356.7436218261719}]}
{"v_ManoActiva":false,"v_RotacionPalma":[""],"v_NumeroDeTirajes":1,"v_EstadoThumb":[0],"v_EstadoIndex":[0],"v_EstadoMiddle":[0],"v_EstadoPinky":[0],"v_EstadoRing":[0],"v_DedosExtendidos":[0],"v_PosBonesThumb0":[{"x":0.0,"y":0.0,"z":0.0}],"v_PosBonesIndex0":[{"x":0.0,"y":0.0,"z":0.0}],"v_PosBonesMiddle0":[{"x":0.0,"y":0.0,"z":0.0}],"v_PosBonesPinky0":[{"x":0.0,"y":0.0,"z":0.0}],"v_PosBonesRing0":[{"x":0.0,"y":0.0,"z":0.0}],"v_PosBonesThumb1":[{"x":0.0,"y":0.0,"z":0.0}],"v_PosBonesIndex1":[{"x":0.0,"y":0.0,"z":0.0}],"v_PosBonesMiddle1":[{"x":0.0,"y":0.0,"z":0.0}],"v_PosBonesPinky1":[{"x":0.0,"y":0.0,"z":0.0}],"v_PosBonesRing1":[{"x":0.0,"y":0.0,"z":0.0}],"v_PosBonesThumb2":[{"x":0.0,"y":0.0,"z":0.0}],"v_PosBonesIndex2":[{"x":0.0,"y":0.0,"z":0.0}],"v_PosBonesMiddle2":[{"x":0.0,"y":0.0,"z":0.0}],"v_PosBonesPinky2":[{"x":0.0,"y":0.0,"z":0.0}],"v_PosBonesRing2":[{"x":0.0,"y":0.0,"z":0.0}],"v_RotBonesThumb0":[{"x":0.0,"y":0.0,"z":0.0}],"v_RotBonesIndex0":[{"x":0.0,"y":0.0,"z":0.0}],"v_RotBonesMiddle0":[{"x":0.0,"y":0.0,"z":0.0}],"v_RotBonesPinky0":[{"x":0.0,"y":0.0,"z":0.0}],"v_RotBonesRing0":[{"x":0.0,"y":0.0,"z":0.0}],"v_RotBonesThumb1":[{"x":0.0,"y":0.0,"z":0.0}],"v_RotBonesIndex1":[{"x":0.0,"y":0.0,"z":0.0}],"v_RotBonesMiddle1":[{"x":0.0,"y":0.0,"z":0.0}],"v_RotBonesPinky1":[{"x":0.0,"y":0.0,"z":0.0}],"v_RotBonesRing1":[{"x":0.0,"y":0.0,"z":0.0}],"v_RotBonesThumb2":[{"x":0.0,"y":0.0,"z":0.0}],"v_RotBonesIndex2":[{"x":0.0,"y":0.0,"z":0.0}],"v_RotBonesMiddle2":[{"x":0.0,"y":0.0,"z":0.0}],"v_RotBonesPinky2":[{"x":0.0,"y":0.0,"z":0.0}],"v_RotBonesRing2":[{"x":0.0,"y":0.0,"z":0.0}],"v_PosBrazo":[{"x":0.0,"y":0.0,"z":0.0}],"v_RotBrazo":[{"x":0.0,"y":0.0,"z":0.0}],"v_PosPalma":[{"x":0.0,"y":0.0,"z":0.0}],"v_RotPalma":[{"x":0.0,"y":0.0,"z":0.0}]}
