{"v_ManoActiva":true,"v_RotacionPalma":"enfrente","v_NumeroDeTirajes":1,"v_EstadoThumb":[1],"v_EstadoIndex":[-1],"v_EstadoMiddle":[-1],"v_EstadoPinky":[-1],"v_EstadoRing":[-1],"v_DedosExtendidos":[1],"v_PosBonesThumb0":[{"x":0.08632540702819824,"y":-0.049820661544799808,"z":0.21025991439819337}],"v_PosBonesIndex0":[{"x":0.08217792212963104,"y":-0.0013997852802276612,"z":0.25536006689071658}],"v_PosBonesMiddle0":[{"x":0.0645761638879776,"y":0.00012314319610595703,"z":0.25936979055404665}],"v_PosBonesPinky0":[{"x":0.024330610409379007,"y":-0.006956994533538818,"z":0.25798094272613528}],"v_PosBonesRing0":[{"x":0.04323054105043411,"y":-0.002535194158554077,"z":0.25873851776123049}],"v_PosBonesThumb1":[{"x":0.12089508026838303,"y":-0.03345102071762085,"z":0.2225281000137329}],"v_PosBonesIndex1":[{"x":0.080376036465168,"y":-0.022471189498901368,"z":0.2663744390010834}],"v_PosBonesMiddle1":[{"x":0.0688224732875824,"y":-0.024034321308135988,"z":0.27091726660728457}],"v_PosBonesPinky1":[{"x":0.034625500440597537,"y":-0.021502643823623658,"z":0.26720762252807619}],"v_PosBonesRing1":[{"x":0.050600968301296237,"y":-0.024891823530197145,"z":0.26936230063438418}],"v_PosBonesThumb2":[{"x":0.1450100839138031,"y":-0.023451298475265504,"z":0.22776883840560914}],"v_PosBonesIndex2":[{"x":0.07245983928442002,"y":-0.03390097618103027,"z":0.2547438442707062}],"v_PosBonesMiddle2":[{"x":0.0638561099767685,"y":-0.03940218687057495,"z":0.25755536556243899}],"v_PosBonesPinky2":[{"x":0.03850107640028,"y":-0.03280985355377197,"z":0.256212055683136}],"v_PosBonesRing2":[{"x":0.049659401178359988,"y":-0.04043513536453247,"z":0.2559991776943207}],"v_RotBonesThumb0":[{"x":335.6515808105469,"y":69.2245864868164,"z":255.3974609375}],"v_RotBonesIndex0":[{"x":36.68428039550781,"y":9.854208946228028,"z":340.94830322265627}],"v_RotBonesMiddle0":[{"x":33.8950309753418,"y":20.274492263793947,"z":359.9210510253906}],"v_RotBonesPinky0":[{"x":25.293333053588868,"y":27.853599548339845,"z":32.19236373901367}],"v_RotBonesRing0":[{"x":31.34303855895996,"y":22.698108673095704,"z":12.173508644104004}],"v_RotBonesThumb1":[{"x":336.4275207519531,"y":72.3413314819336,"z":254.13145446777345}],"v_RotBonesIndex1":[{"x":54.036415100097659,"y":223.46206665039063,"z":206.47068786621095}],"v_RotBonesMiddle1":[{"x":61.42756652832031,"y":200.43885803222657,"z":180.1370086669922}],"v_RotBonesPinky1":[{"x":55.477657318115237,"y":139.75550842285157,"z":121.79407501220703}],"v_RotBonesRing1":[{"x":63.29618453979492,"y":174.95082092285157,"z":156.37335205078126}],"v_RotBonesThumb2":[{"x":340.45672607421877,"y":85.39842224121094,"z":249.312744140625}],"v_RotBonesIndex2":[{"x":16.912643432617189,"y":206.2417449951172,"z":195.8788299560547}],"v_RotBonesMiddle2":[{"x":25.241361618041993,"y":200.3494110107422,"z":180.07244873046876}],"v_RotBonesPinky2":[{"x":28.240509033203126,"y":175.6277313232422,"z":146.85421752929688}],"v_RotBonesRing2":[{"x":27.4608097076416,"y":190.8355255126953,"z":168.28936767578126}],"v_PosBrazo":[{"x":-0.0033326447010040285,"y":-0.12070474028587342,"z":0.07282330095767975}],"v_RotBrazo":[{"x":334.2849426269531,"y":17.852293014526368,"z":354.957763671875}],"v_PosPalma":[{"x":0.0504123829305172,"y":-0.02196669578552246,"z":0.2238600254058838}],"v_RotPalma":[{"x":55.00505065917969,"y":193.75433349609376,"z":3.7210867404937746}]}
{"v_ManoActiva":false,"v_RotacionPalma":"","v_NumeroDeTirajes":1,"v_EstadoThumb":[0],"v_EstadoIndex":[0],"v_EstadoMiddle":[0],"v_EstadoPinky":[0],"v_EstadoRing":[0],"v_DedosExtendidos":[0],"v_PosBonesThumb0":[{"x":0.0,"y":0.0,"z":0.0}],"v_PosBonesIndex0":[{"x":0.0,"y":0.0,"z":0.0}],"v_PosBonesMiddle0":[{"x":0.0,"y":0.0,"z":0.0}],"v_PosBonesPinky0":[{"x":0.0,"y":0.0,"z":0.0}],"v_PosBonesRing0":[{"x":0.0,"y":0.0,"z":0.0}],"v_PosBonesThumb1":[{"x":0.0,"y":0.0,"z":0.0}],"v_PosBonesIndex1":[{"x":0.0,"y":0.0,"z":0.0}],"v_PosBonesMiddle1":[{"x":0.0,"y":0.0,"z":0.0}],"v_PosBonesPinky1":[{"x":0.0,"y":0.0,"z":0.0}],"v_PosBonesRing1":[{"x":0.0,"y":0.0,"z":0.0}],"v_PosBonesThumb2":[{"x":0.0,"y":0.0,"z":0.0}],"v_PosBonesIndex2":[{"x":0.0,"y":0.0,"z":0.0}],"v_PosBonesMiddle2":[{"x":0.0,"y":0.0,"z":0.0}],"v_PosBonesPinky2":[{"x":0.0,"y":0.0,"z":0.0}],"v_PosBonesRing2":[{"x":0.0,"y":0.0,"z":0.0}],"v_RotBonesThumb0":[{"x":0.0,"y":0.0,"z":0.0}],"v_RotBonesIndex0":[{"x":0.0,"y":0.0,"z":0.0}],"v_RotBonesMiddle0":[{"x":0.0,"y":0.0,"z":0.0}],"v_RotBonesPinky0":[{"x":0.0,"y":0.0,"z":0.0}],"v_RotBonesRing0":[{"x":0.0,"y":0.0,"z":0.0}],"v_RotBonesThumb1":[{"x":0.0,"y":0.0,"z":0.0}],"v_RotBonesIndex1":[{"x":0.0,"y":0.0,"z":0.0}],"v_RotBonesMiddle1":[{"x":0.0,"y":0.0,"z":0.0}],"v_RotBonesPinky1":[{"x":0.0,"y":0.0,"z":0.0}],"v_RotBonesRing1":[{"x":0.0,"y":0.0,"z":0.0}],"v_RotBonesThumb2":[{"x":0.0,"y":0.0,"z":0.0}],"v_RotBonesIndex2":[{"x":0.0,"y":0.0,"z":0.0}],"v_RotBonesMiddle2":[{"x":0.0,"y":0.0,"z":0.0}],"v_RotBonesPinky2":[{"x":0.0,"y":0.0,"z":0.0}],"v_RotBonesRing2":[{"x":0.0,"y":0.0,"z":0.0}],"v_PosBrazo":[{"x":0.0,"y":0.0,"z":0.0}],"v_RotBrazo":[{"x":0.0,"y":0.0,"z":0.0}],"v_PosPalma":[{"x":0.0,"y":0.0,"z":0.0}],"v_RotPalma":[{"x":0.0,"y":0.0,"z":0.0}]}
