{"v_ManoActiva":true,"v_RotacionPalma":"enfrente","v_NumeroDeTirajes":1,"v_EstadoThumb":[1],"v_EstadoIndex":[-1],"v_EstadoMiddle":[-1],"v_EstadoPinky":[-1],"v_EstadoRing":[-1],"v_DedosExtendidos":[1],"v_PosBonesThumb0":[{"x":0.08867783844470978,"y":-0.04462540149688721,"z":0.2441650927066803}],"v_PosBonesIndex0":[{"x":0.08865512907505036,"y":-0.014223307371139527,"z":0.30501726269721987}],"v_PosBonesMiddle0":[{"x":0.0714540183544159,"y":-0.013488352298736573,"z":0.3098018765449524}],"v_PosBonesPinky0":[{"x":0.031197277829051019,"y":-0.017141342163085939,"z":0.30730539560317995}],"v_PosBonesRing0":[{"x":0.05008946359157562,"y":-0.014513254165649414,"z":0.30910128355026247}],"v_PosBonesThumb1":[{"x":0.12412505596876145,"y":-0.03623330593109131,"z":0.26159900426864626}],"v_PosBonesIndex1":[{"x":0.08803772181272507,"y":-0.038187503814697269,"z":0.30974799394607546}],"v_PosBonesMiddle1":[{"x":0.07581111043691635,"y":-0.040624380111694339,"z":0.31392255425453188}],"v_PosBonesPinky1":[{"x":0.0403977632522583,"y":-0.034546613693237308,"z":0.31232476234436037}],"v_PosBonesRing1":[{"x":0.05701540783047676,"y":-0.03955358266830444,"z":0.31299975514411929}],"v_PosBonesThumb2":[{"x":0.1486889123916626,"y":-0.030444711446762086,"z":0.27243489027023318}],"v_PosBonesIndex2":[{"x":0.08251553773880005,"y":-0.04641413688659668,"z":0.29403918981552126}],"v_PosBonesMiddle2":[{"x":0.07154402136802674,"y":-0.051362961530685428,"z":0.295796662569046}],"v_PosBonesPinky2":[{"x":0.04236803203821182,"y":-0.04302212595939636,"z":0.2981168031692505}],"v_PosBonesRing2":[{"x":0.05593875050544739,"y":-0.05046950280666351,"z":0.2950003147125244}],"v_RotBonesThumb0":[{"x":347.9264221191406,"y":64.87300109863281,"z":274.27716064453127}],"v_RotBonesIndex0":[{"x":51.32387924194336,"y":11.120652198791504,"z":352.44329833984377}],"v_RotBonesMiddle0":[{"x":49.5440788269043,"y":24.2537784576416,"z":9.664864540100098}],"v_RotBonesPinky0":[{"x":39.25196838378906,"y":31.648853302001954,"z":33.95550537109375}],"v_RotBonesRing0":[{"x":46.59392547607422,"y":26.38884925842285,"z":19.78067970275879}],"v_RotBonesThumb1":[{"x":348.1307678222656,"y":62.248233795166019,"z":274.8216857910156}],"v_RotBonesIndex1":[{"x":42.932430267333987,"y":201.43312072753907,"z":186.4447479248047}],"v_RotBonesMiddle1":[{"x":44.54166030883789,"y":190.6790771484375,"z":171.20852661132813}],"v_RotBonesPinky1":[{"x":45.47736358642578,"y":159.3768310546875,"z":141.9141082763672}],"v_RotBonesRing1":[{"x":45.59099578857422,"y":177.61785888671876,"z":160.59022521972657}],"v_RotBonesThumb2":[{"x":347.4993591308594,"y":71.96675109863281,"z":272.7656555175781}],"v_RotBonesIndex2":[{"x":2.355926990509033,"y":197.22781372070313,"z":184.71792602539063}],"v_RotBonesMiddle2":[{"x":7.525352478027344,"y":196.0408172607422,"z":173.69154357910157}],"v_RotBonesPinky2":[{"x":12.532008171081543,"y":182.45028686523438,"z":153.6993865966797}],"v_RotBonesRing2":[{"x":9.202281951904297,"y":189.52593994140626,"z":166.37400817871095}],"v_PosBrazo":[{"x":0.018441736698150636,"y":-0.09948472678661347,"z":0.10104136168956757}],"v_RotBrazo":[{"x":337.02325439453127,"y":8.717549324035645,"z":0.688739538192749}],"v_PosPalma":[{"x":0.055127497762441638,"y":-0.021378010511398317,"z":0.2676618993282318}],"v_RotPalma":[{"x":34.36076736450195,"y":193.94305419921876,"z":1.3785821199417115}]}
{"v_ManoActiva":false,"v_RotacionPalma":"","v_NumeroDeTirajes":1,"v_EstadoThumb":[0],"v_EstadoIndex":[0],"v_EstadoMiddle":[0],"v_EstadoPinky":[0],"v_EstadoRing":[0],"v_DedosExtendidos":[0],"v_PosBonesThumb0":[{"x":0.0,"y":0.0,"z":0.0}],"v_PosBonesIndex0":[{"x":0.0,"y":0.0,"z":0.0}],"v_PosBonesMiddle0":[{"x":0.0,"y":0.0,"z":0.0}],"v_PosBonesPinky0":[{"x":0.0,"y":0.0,"z":0.0}],"v_PosBonesRing0":[{"x":0.0,"y":0.0,"z":0.0}],"v_PosBonesThumb1":[{"x":0.0,"y":0.0,"z":0.0}],"v_PosBonesIndex1":[{"x":0.0,"y":0.0,"z":0.0}],"v_PosBonesMiddle1":[{"x":0.0,"y":0.0,"z":0.0}],"v_PosBonesPinky1":[{"x":0.0,"y":0.0,"z":0.0}],"v_PosBonesRing1":[{"x":0.0,"y":0.0,"z":0.0}],"v_PosBonesThumb2":[{"x":0.0,"y":0.0,"z":0.0}],"v_PosBonesIndex2":[{"x":0.0,"y":0.0,"z":0.0}],"v_PosBonesMiddle2":[{"x":0.0,"y":0.0,"z":0.0}],"v_PosBonesPinky2":[{"x":0.0,"y":0.0,"z":0.0}],"v_PosBonesRing2":[{"x":0.0,"y":0.0,"z":0.0}],"v_RotBonesThumb0":[{"x":0.0,"y":0.0,"z":0.0}],"v_RotBonesIndex0":[{"x":0.0,"y":0.0,"z":0.0}],"v_RotBonesMiddle0":[{"x":0.0,"y":0.0,"z":0.0}],"v_RotBonesPinky0":[{"x":0.0,"y":0.0,"z":0.0}],"v_RotBonesRing0":[{"x":0.0,"y":0.0,"z":0.0}],"v_RotBonesThumb1":[{"x":0.0,"y":0.0,"z":0.0}],"v_RotBonesIndex1":[{"x":0.0,"y":0.0,"z":0.0}],"v_RotBonesMiddle1":[{"x":0.0,"y":0.0,"z":0.0}],"v_RotBonesPinky1":[{"x":0.0,"y":0.0,"z":0.0}],"v_RotBonesRing1":[{"x":0.0,"y":0.0,"z":0.0}],"v_RotBonesThumb2":[{"x":0.0,"y":0.0,"z":0.0}],"v_RotBonesIndex2":[{"x":0.0,"y":0.0,"z":0.0}],"v_RotBonesMiddle2":[{"x":0.0,"y":0.0,"z":0.0}],"v_RotBonesPinky2":[{"x":0.0,"y":0.0,"z":0.0}],"v_RotBonesRing2":[{"x":0.0,"y":0.0,"z":0.0}],"v_PosBrazo":[{"x":0.0,"y":0.0,"z":0.0}],"v_RotBrazo":[{"x":0.0,"y":0.0,"z":0.0}],"v_PosPalma":[{"x":0.0,"y":0.0,"z":0.0}],"v_RotPalma":[{"x":0.0,"y":0.0,"z":0.0}]}
